André	;9.0
Jussára	;6.0
Mariana	;3.1666666666666665
Camila	;1.3333333333333333
Sirlei	;5.333333333333333
